{"inputs":21,"hidden":32,"outputs":4,"weights_h":{"rows":32,"cols":21,"matrix":[[0.7533626961373225,0.9260527257642228,0.5148265217504344,0.3344825314579155,-0.08294911313979739,-0.8932828913510156,0.7761801842393002,0.49913916822658416,-0.22683492440522549,-0.45942923467520047,-0.9230852067510112,0.09916183450028329,0.7925441601330407,0.8446774337084755,0.566491678333402,0.21700950924582288,1.1213287812184543,-0.8277159180999774,0.5813507093920542,0.3641735587163388,0.011631766900052631],[-0.816639546523171,-0.47816101948784384,1.1107975022671064,-0.03911387345922915,0.5653331256824436,0.841270820415938,-0.2773273132701732,-0.6627006094439818,0.6327133008910114,1.0224381302991885,-0.4755658770163219,0.373989502180082,0.8958553993945639,0.21600134439566626,0.5558845371229002,0.960725061655447,0.42352170949921597,0.827012943857617,-0.42098052300054045,-0.2487858744646849,-0.9324156159070849],[-0.16344169319035856,-0.6693282333225988,-0.22242183414127026,-0.3209206191387314,0.7921124284234209,-0.5235431168903664,0.6183433102798164,0.029161719632293887,-0.9059438916368483,-1.0404955535702969,0.813826442587809,0.35919019961416787,0.46673263001082876,-0.67816386010452,-0.12191912079994194,-0.42271674888278576,0.18833645282329886,-0.6719118413681877,-0.5546874981913571,0.1726558484837746,-0.834360422954347],[0.8647392486849359,0.0632829383966853,-0.5568274777477347,-0.48285303135202484,-0.46160047156744827,-0.38650414323883225,-0.2844271534129086,-0.6625209855031182,0.46377696941950874,-0.10313978269490562,0.6693489084729697,0.904934013729624,0.9989027406521735,-0.5559125409726029,-0.2929031103301891,0.6539884392632843,0.0661524810405491,0.13700985102153815,-0.07623282708835039,-1.318344603666745,0.9607282840216731],[-0.8877035796263941,0.5453590919412836,-0.20979492075394543,0.1105274882703151,-0.2409196918889844,0.3827757749025282,-0.5147019445315597,-0.5914685712834552,0.343057114191074,-0.3740110103126566,-0.20969868500596103,0.2218634247113944,-0.9650777222059722,0.24102020604169663,-0.6149028256295617,0.4087223732165417,-0.81911665209103,-0.8937798626253393,-0.23040348634433522,-0.8292131563966646,-0.24563266564647682],[-0.5815171260344292,-0.7642646331306432,-0.7940513286554518,0.5079362776213474,0.05420194194761743,0.2396572327628384,-0.828011498615595,-0.4132002203577037,0.8236099142079643,1.086304046042207,-0.9429966272163787,-0.9295993566368966,-0.5867651509710781,0.21347259576141492,0.45494907703160353,-0.4803929330101512,0.11657534341591225,0.3869636378716258,0.24930185373525232,-0.10549378719093655,-0.46777402533760754],[0.652505513324337,0.4336205273845618,-0.6940976961080341,-0.22747286110304493,0.4213281117203589,-0.2763612977250838,-0.15605338076812234,-0.914565831058513,-0.3450724483358999,0.8282044250838712,-0.7100728194606553,0.15973632595856072,0.36182659143113655,-0.15335390940007387,0.2961053097395462,0.31436346134687637,-0.5693676567544168,0.3684579551227593,-0.5468974111770526,0.9077321060013457,-0.0028443174759753276],[0.647840330454939,0.9293424022576979,0.542169306206057,-0.32396711338982337,0.3789473063403031,0.565432240943121,-0.28579002477641546,0.34282289877967065,0.23216630959391946,-1.053736455988291,0.20323424143839697,-0.2515993647225896,0.4835151158294397,1.0597506510909134,0.2727486613254999,-1.0411023236191401,0.14270021159558605,0.5882386780700827,-0.6800278725026296,-0.16537827794091647,0.6252670764751269],[0.17492068597306518,-0.4376141310769669,0.6534254374982544,-0.23104119741623816,-1.0370576663663063,0.6220036125717315,-1.0318040225471414,0.6363439818747869,1.034997967979794,-0.7433931142976997,-0.3819774094235376,1.0612970683523908,0.01886212282078878,-0.7631355186033153,-0.9366706695556353,0.9236991446660662,-0.6906953468739527,0.9038725820938098,-0.31050930432790325,0.2626862801164798,-0.005699798298479164],[-1.024124379468496,-0.5019270367799565,-0.34278295853054497,-0.006222497834095286,0.789666911890778,-0.7339072000311297,-0.1929948422419383,0.505649042196144,-0.266051546012538,-0.11555935053618213,0.07140584248876192,-0.1207373395034762,0.7149470038906366,-0.4803524272008101,-0.46927076951692803,-0.7602666392946417,0.6747380440349061,0.11376725053359382,0.2612617855779406,0.6720916943476725,-0.4693436406980064],[-0.07490008600303832,0.3606029408481828,-0.7231867300465575,0.23112029594667083,-0.4569844218412442,-0.23210995802145085,-0.7012137957183511,0.5538039718411807,0.6578212025569184,0.3151332337456315,-0.14654828725449107,0.6958747907096019,0.2863609265281481,0.966308007989707,0.047098318586058535,0.1214901090811428,-1.0366026817086984,-0.90149990932009,0.7494115483333326,-0.4184561882512712,0.13263842929297034],[0.5263489368072733,0.6098213398177752,-0.4596477667952392,0.8876711997482278,0.5336831938406312,0.8176698067353768,0.6760422006567343,-0.9707298387310855,0.271905148983343,0.42173232904979535,0.5869310819816183,-0.5772715187861097,0.26005874416709274,0.5852387408543781,-1.0463138142940462,-0.916194439422765,-0.36631388486840477,-0.005735873125339894,0.8613158665247036,0.09073771085817897,0.21413086681558421],[0.21723424333969446,-0.5577995311426499,0.7321885327330485,-0.4113155733444196,-0.16806279155846823,0.16476561418237068,0.46440198160882196,-0.2668959966463217,-0.10940009111954395,-0.1892949559386496,0.8686007339544057,0.05745521831249023,-1.2000027102444424,0.488772430308382,-0.8273862290107308,-0.6462392571728417,0.4392766942271186,-0.20726485999904176,0.26375043593905495,0.3672115462715568,0.01729693971797433],[-0.30869992073465946,0.5779689958136911,-0.5381381576851629,-0.10691848015475647,-0.14011732564310056,1.1146693817066273,-0.1315158770904103,0.7465543207577966,0.19927221731323258,-0.5956915252259335,0.40208592024126955,-0.4558468617784086,0.4408595131149996,0.8433885552276615,-0.5052634166882958,-0.9298775709630922,-0.23084017046279345,-0.45639498605704504,-0.07872299124440357,0.534137528982846,-0.6669901148179538],[-0.322390748830632,-0.2827712599628594,0.3873517431220995,-0.8450364860632816,0.20202357514567332,-0.9908278977942789,0.1352027811231499,-0.0801359332747214,0.12080606434099894,-0.5568141849695715,-0.9004390759669523,-0.30873063142208257,-0.27330269145333597,0.09386345913761804,-0.3181518168406219,0.061365260424388085,-0.39729594059152057,-0.6656082964692484,0.7781771064652686,0.6827298402490521,0.5836449203720615],[-0.25662095800649287,-0.7954419508819368,-0.6701344207905202,0.1627737524547393,0.9415963653617303,0.8272845657357083,0.4064761822574229,-0.5942783163132915,0.22956632533654123,-0.3771229863450446,-0.02928622120399832,-1.062137826606844,-0.7395580725543108,-0.953983945601707,0.01603388238607706,1.0033276540918363,-0.33689558253122664,-0.9536249510842685,0.15484879500710147,-0.1715652894849378,-0.8225579401170655],[0.9889511962656264,-0.718758810100492,-1.0238986500570921,-0.017070537165977673,0.09306852838165275,0.06193774807478716,-0.6013834918518937,-0.47068480854509703,-0.5474178082979229,0.568673386806001,-0.8688711259475201,-0.8561242194906356,0.5004422558015177,0.3516326040521663,0.06286309739870302,0.6349405573116191,-0.8496106510901448,0.2393701916347879,0.5614097926029026,-0.7993199059920909,-0.7631984758007504],[0.27043624706351,-0.16708002260044622,0.9836211394941158,0.48185228643918876,0.13125179814052293,0.32749755993151486,-0.21539714351796727,-0.7480493056436661,-0.18939235606013272,0.860184470284302,-0.10845985300649161,1.1712366889124404,0.28148453381095295,-0.09016311205932545,0.5263393504710439,0.6616991821919875,0.8691019663496434,0.6616282962358018,-0.8441370875641002,-0.010499149386249684,0.7991613895332488],[-0.10001522989848699,-0.05960069324797321,-1.0000615032901945,0.5935577074222506,0.3736811631991894,0.847755086619517,0.05267697830771528,0.21551321798250397,-0.8662693593168315,-0.42626056090436437,-0.8202482136563459,0.6280203971407794,0.18308845142947375,0.2916371995946786,0.8993247156222628,-0.4022228078457336,0.723861713297371,0.7901524487935223,0.45389817177710484,0.804407599257486,0.453985402388826],